<?xml version="1.0" encoding="UTF-8" ?>
<beans xmlns="http://www.springframework.org/schema/beans"
    xmlns:util="http://www.springframework.org/schema/util"
	xmlns:xsi="http://www.w3.org/2001/XMLSchema-instance" xmlns:aop="http://www.springframework.org/schema/aop"
	xmlns:tx="http://www.springframework.org/schema/tx" xmlns:jdbc="http://www.springframework.org/schema/jdbc"
	xmlns:context="http://www.springframework.org/schema/context"
	xsi:schemaLocation="http://www.springframework.org/schema/context http://www.springframework.org/schema/context/spring-context.xsd
				http://www.springframework.org/schema/beans http://www.springframework.org/schema/beans/spring-beans.xsd
				http://www.springframework.org/schema/jdbc http://www.springframework.org/schema/jdbc/spring-jdbc.xsd
				http://www.springframework.org/schema/tx http://www.springframework.org/schema/tx/spring-tx.xsd
				http://www.springframework.org/schema/aop htapplication.propertiestp://www.springframework.org/schema/aop/spring-aop.xsd">

	
	
 
    <context:property-placeholder location="classpath:*.properties" ignore-unresolvable="true"/>
	
    <bean id="baofooProperties" class="org.springframework.beans.factory.config.PropertiesFactoryBean">
        <property name="locations">
            <list>
                 <value>classpath:baofoo.properties</value>
            </list>
        </property>
    </bean>  
</beans>